region,year,group,RRinc,RRmean,cons_2005ppp_pc,gdp_2005ppp_pc,totpop
"Russia, C. Asia, SE Europe",1996,1,891.3333,1817,3701.437,3961.757,3.079037
"Russia, C. Asia, SE Europe",2002,1,831,1630,4417.634,5253.756,3.106701
"Russia, C. Asia, SE Europe",2008,1,953.3333,2086,5741.37,7216.12,3.181397
L. America & Carib.,1987,1,1838,6397,9201.202,8849.769,31.72913
L. America & Carib.,1993,1,1406,4843,5800.066,9569.573,33.98204
L. America & Carib.,1998,1,1029,4532,6583.661,10963.68,36.13464
L. America & Carib.,2003,1,607.3333,3219,5322.103,9263.68,38.00125
L. America & Carib.,2008,1,1674.333,6473,7599.457,13275.68,39.7143
"Russia, C. Asia, SE Europe",1998,1,414,955,1694.034,2075.962,3.109101
"Russia, C. Asia, SE Europe",2003,1,481,1008,2375.404,3262.446,3.060554
"Russia, C. Asia, SE Europe",2008,1,747.6667,1522,3614.783,5614.552,3.079087
Mature economies,1989,1,4921,11678,12463.27,23370.17,16.5322
Mature economies,1994,1,4286.333,11173,13253.52,24720.01,17.667
Mature economies,1999,1,5240.667,12063,15235.06,28877.69,18.711
Mature economies,2003,1,5311,12602,16728.13,31276.54,19.8954
Mature economies,1987,1,8086.667,14056,13816.97,23062.65,7.585317
Mature economies,1994,1,6690.667,14495,15840.17,26754.05,7.905633
Mature economies,2000,1,7238.333,14766,17465.32,31775.73,7.976789
Mature economies,2005,1,8275,16544,18419.38,33626.39,8.121423
Mature economies,2008,1,7632,14826,18829.55,36177.36,8.336926
"Russia, C. Asia, SE Europe",1995,1,430.3333,1047,656.687,1853.795,7.495
"Russia, C. Asia, SE Europe",2001,1,569.6667,1347,1149.084,2715.34,8.2341
"Russia, C. Asia, SE Europe",2008,1,1089,2413,3116.775,8023.568,8.7634
Sub-Saharan Africa,1992,1,140.6667,313,413.4468,701.5871,5.933293
Sub-Saharan Africa,1998,1,94.33333,292,236.4485,517.9593,6.223515
Sub-Saharan Africa,2006,1,168.3333,348,408.1823,496.7808,7.943385
Mature economies,1988,1,5209.333,9653,12459.34,23672.94,9.901664
Mature economies,1995,1,6313,12412,14120.99,26705.65,10.08448
Mature economies,2000,1,7165.667,14810,15594.79,30398.45,10.20301
Mature economies,2005,1,7164.333,14333,16103.71,32189.35,10.37613
Mature economies,2008,1,6601.333,13062,16623.21,33617.43,10.70997
Sub-Saharan Africa,2003,1,252,633,868.2699,1354.895,7.164976
Sub-Saharan Africa,1994,1,141.6667,490,337.1974,688.7587,10.11863
Sub-Saharan Africa,1998,1,169,500,462.8125,825.3719,11.62116
Sub-Saharan Africa,2003,1,221.3333,562,594.0314,944.9492,13.3956
Sub-Saharan Africa,2009,1,258.6667,674,640.683,1084.894,15.51526
Other Asia,1988,1,232.3333,444,637.7204,723.0073,100.0623
Other Asia,1995,1,238.6667,503,679.7462,829.8447,112.6455
Other Asia,2000,1,246.3333,519,685.3436,969.785,124.8034
Other Asia,2005,1,278.6667,579,770.0102,1164.596,136.5148
Other Asia,2010,1,302.3333,620,944.2427,1488.287,145.4783
Mature economies,1989,1,3591.667,6203,4605.633,8135.713,8.981446
Mature economies,1994,1,2042.333,3581,3475.25,6619.904,8.472313
Mature economies,1997,1,1033.667,1864,3107.923,6188.838,8.256786
Mature economies,2003,1,1235,2473,4767.697,8547.487,7.823557
Mature economies,2007,1,1626.333,3284,6625.671,11238.41,7.623395
"Russia, C. Asia, SE Europe",2007,1,2228.667,5695,5676.869,7198.19,3.774164
"Russia, C. Asia, SE Europe",1993,1,1500,2452,2102.666,5283.922,10.239
"Russia, C. Asia, SE Europe",1998,1,1042.333,2167,2148.884,5277.205,10.069
"Russia, C. Asia, SE Europe",2002,1,1537,3042,3337.378,6443.088,9.873968
L. America & Carib.,1993,1,567.6667,2915,3616.19,5071.472,0.205
L. America & Carib.,1998,1,506,2297,3363.584,4787.555,0.2385
L. America & Carib.,1990,1,656.6667,1989,1888.57,3074.127,6.36347
L. America & Carib.,1993,1,619.3333,2435,1947.579,3199.234,7.138204
L. America & Carib.,1997,1,399.3333,2564,2055.116,3511.608,7.971237
L. America & Carib.,2002,1,285.6667,2202,2121.047,3571.294,8.815911
L. America & Carib.,2008,1,430.3333,2572,2362.293,4172.334,9.618466
L. America & Carib.,1988,1,449,3069,3701.521,7519.343,144.4704
L. America & Carib.,1993,1,403.3333,2654,3706.935,7232.882,156.9858
L. America & Carib.,1998,1,549,3643,4233.568,7787.395,169.4097
L. America & Carib.,2003,1,540,3374,4402.188,7990.104,181.6331
L. America & Carib.,2008,1,836.6667,4269,5091.564,9583.866,191.5432
L. America & Carib.,1996,1,5330.333,14330,7748.7,15826.28,0.265941
Other Asia,2003,1,352.3333,1143,1241.482,3128.845,0.624431
Other Asia,2007,1,522.3333,1362,1343.761,4198.605,0.701363
Sub-Saharan Africa,1993,1,288.6667,1533,1932.32,7188.371,1.506037
Sub-Saharan Africa,1992,1,40,297,565.6217,725.9834,3.165869
Sub-Saharan Africa,2003,1,156.3333,501,530.1516,671.1033,3.890075
Sub-Saharan Africa,2008,1,130,615,547.9058,699.5005,4.237961
Mature economies,1987,1,6362,14401,13931.71,26127.94,26.895
Mature economies,1994,1,6559,14694,14533.48,27243.91,28.83341
Mature economies,2000,1,6685,15393,16750.73,32446.79,30.2479
Mature economies,2004,1,6910.667,16556,18159.35,34343.67,31.676
Mature economies,2008,1,8431.333,21807,20279.18,35948.06,33.3191
Mature economies,1994,1,7707.333,17952,18250.74,32118.1,6.938265
Mature economies,2000,1,7834.667,17833,19631.14,34713.24,7.110001
Mature economies,2004,1,7901.333,17776,20017.94,35087.45,7.339001
Mature economies,2008,1,8279,22084,20714.3,38159.63,7.647675
L. America & Carib.,1987,1,616.3333,2939,3125.491,5939.544,12.73341
L. America & Carib.,1992,1,876,3738,4269.229,8107.675,13.92939
L. America & Carib.,1998,1,1063,4869,6012.708,10905.75,15.03916
L. America & Carib.,2003,1,1159,4939,6384.96,11697.67,15.95979
L. America & Carib.,2009,1,1544,5924,8226.071,13832.49,16.79559
China,1987,1,229.3333,493,452.4019,958.3701,1101.63
China,1993,1,215.6667,589,649.8622,1507.322,1178.44
China,1998,1,314.6667,853,895.1902,2325.093,1241.935
China,2001,1,283,995,1079.549,2867.961,1288.4
China,2007,1,506,2088,1621.818,5238.677,1324.655
Sub-Saharan Africa,1988,1,469.3333,1190,1144.822,2008.5,11.69432
Sub-Saharan Africa,1993,1,421.3333,1043,961.8721,1723.619,13.82023
Sub-Saharan Africa,1998,1,359.6667,1063,1153.642,1932.857,15.87856
Sub-Saharan Africa,2002,1,360,1213,1030.546,1722.191,17.4555
Sub-Saharan Africa,2008,1,353.3333,1052,1012.668,1657.088,18.98701
Sub-Saharan Africa,1996,1,367.6667,981,975.1477,1693.473,14.9762
Sub-Saharan Africa,2001,1,501,1338,1133.641,1893.254,16.78337
Sub-Saharan Africa,2007,1,530,1386,1327.882,2029.386,18.75878
Sub-Saharan Africa,2005,1,83.33333,261,158.4351,276.9935,54.09825
Sub-Saharan Africa,2008,1,58,179,156.2645,303.1931,62.4749
Sub-Saharan Africa,2005,1,188.3333,649,702.312,3381.188,3.365171
L. America & Carib.,1988,1,595.3333,2785,3809.665,5784.036,31.91325
L. America & Carib.,1992,1,711,2870,3921.717,6303.646,35.14622
L. America & Carib.,1999,1,392.6667,2443,3944.932,6445.909,38.4391
L. America & Carib.,2003,1,331.3333,2003,4158.691,6830.741,41.73191
L. America & Carib.,2008,1,533.3333,3019,4900.486,8250.394,45.00578
Sub-Saharan Africa,2004,1,183.3333,1133,766.3553,1037.64,0.609271
Sub-Saharan Africa,2001,1,389.6667,1455,1173.076,2280.345,0.460031
L. America & Carib.,1989,1,577.6667,2403,4005.901,6159.137,2.916566
L. America & Carib.,1993,1,763.3333,2892,4650.566,6973.318,3.303412
L. America & Carib.,1998,1,978.3333,3502,5145.337,7738.63,3.740578
L. America & Carib.,2003,1,895,3809,5140.993,8483.319,4.160438
L. America & Carib.,2008,1,1216.667,4512,5977.635,10391.86,4.522124
Mature economies,1990,1,2989.667,6221,6925.127,18091.32,0.736531
Mature economies,1996,1,2997.333,6307,9042.015,20147.55,0.908059
Mature economies,2008,1,4356,8299,12801.44,26456.16,1.077001
Mature economies,1993,1,2914.333,5143,6511.183,14537.22,10.32986
Mature economies,1996,1,3368.333,5944,8056.019,16480.15,10.29437
Mature economies,2002,1,3472.667,6484,8934.317,18382.84,10.20736
Mature economies,2008,1,3741.333,6679,10969.97,24359.49,10.42434
Mature economies,1989,1,7101.333,13913,14466.11,24801.77,78.14462
Mature economies,1994,1,6382.333,13347,16059.07,27431.27,81.15636
Mature economies,1998,1,6438,13757,16740.33,28916.54,82.04719
Mature economies,2005,1,7758.333,16340,17669.6,31114.53,82.53418
Mature economies,2008,1,7394.667,15288,18087.38,33828.88,82.1101
M. East & N. Africa,2002,1,401.6667,1122,922.7839,1758.414,0.77964
Mature economies,1987,1,6611.667,12610,12008.44,25000.28,5.129516
Mature economies,1992,1,6747.667,12325,12317.13,26127.51,5.188628
Mature economies,1997,1,6302,12385,13644.27,29481.61,5.304219
Mature economies,2004,1,8166.667,14526,14620.07,32490.37,5.390574
Mature economies,2008,1,7862,14047,15882.46,34123.02,5.493621
L. America & Carib.,1986,1,428.3333,1687,2411.365,3750.344,6.907171
L. America & Carib.,1992,1,718.6667,2732,2880.234,4110.206,7.631076
L. America & Carib.,1997,1,846.6667,3311,3400.485,5029.609,8.32468
L. America & Carib.,2003,1,686,2831,3836.836,5936.133,8.995398
L. America & Carib.,2008,1,815.3333,2984,5598.259,7727.969,9.664948
M. East & N. Africa,1988,1,578.3333,1512,1913.796,6212.728,24.03524
M. East & N. Africa,1995,1,585.6667,1441,1675.009,5625.911,27.1699
L. America & Carib.,1987,1,510.6667,2284,2970.748,5172.474,9.792658
L. America & Carib.,1994,1,444,2184,3002.291,5574.905,10.95318
L. America & Carib.,1998,1,429.6667,1980,3155.313,5766.401,11.95959
L. America & Carib.,2003,1,502,2464,3359.626,5848.516,12.98799
L. America & Carib.,2008,1,739,3054,4014.424,7127.987,14.05674
M. East & N. Africa,1990,1,585.3333,1211,1977.997,3237.323,54.43372
M. East & N. Africa,1995,1,611.3333,1174,2164.046,3504.035,60.02042
M. East & N. Africa,1999,1,664.3333,1346,2343.407,4000.799,65.3092
M. East & N. Africa,2004,1,669.6667,1350,2494.902,4378.551,71.49843
M. East & N. Africa,2008,1,700.3333,1368,2927.243,5216.092,78.3233
Mature economies,1990,1,3133,7030,11104.36,19776.66,38.71585
Mature economies,1995,1,3263,8706,11614.62,21021.83,39.1894
Mature economies,2000,1,4559,10976,13890.95,25147.13,39.72111
Mature economies,2005,1,4101.333,10210,15291.83,27392.04,42.00452
Mature economies,2008,1,4828.667,10725,15591.52,28353.04,45.55572
Mature economies,1993,1,1240.333,3287,3123.149,7427.316,1.494128
Mature economies,1998,1,1613,3481,4789.078,10397.02,1.386156
Mature economies,2008,1,2943.333,6151,9569.607,18941.29,1.340675
Sub-Saharan Africa,1995,1,221.6667,544,308.3916,485.483,53.50221
Sub-Saharan Africa,1999,1,262,513,318.6876,510.418,62.17417
Sub-Saharan Africa,2005,1,317.3333,617,441.7157,636.0687,70.78401
Mature economies,1987,1,5484.333,9268,10371.71,21054.04,4.946481
Mature economies,1991,1,6229,10592,10854.11,21634.1,5.066447
Mature economies,1998,1,5833.667,10807,11803.93,25085.19,5.153498
Mature economies,2004,1,6822,12873,14018.21,29940.15,5.213014
Mature economies,2008,1,6757.333,12838,15634.43,33443.05,5.313399
Other Asia,2002,1,284.6667,1092,1845.041,4067.534,0.817339
Other Asia,2008,1,601.3333,1692,3050.746,4300.332,0.843651
Mature economies,1989,1,4559.667,10674,13408.87,23768,57.66893
Mature economies,1995,1,5939.667,13778,13952.3,25234.38,59.06559
Mature economies,2000,1,5798.667,12450,15433.54,28209.95,60.29915
Mature economies,2005,1,6718.333,14615,16468.73,29452.67,62.24227
Mature economies,2008,1,7405,16229,16957.08,30271.66,64.37052
Sub-Saharan Africa,2005,1,644,1803,2503.642,13014.26,1.317484
Mature economies,1986,1,3783,8978,11262.25,20009.89,56.92833
Mature economies,1991,1,4376,11087,13095.71,22047.5,57.71862
Mature economies,1998,1,5077,12425,16337.31,27021.48,58.48714
Mature economies,2004,1,6499.667,16729,20448.26,32260,59.56626
Mature economies,2008,1,8487,19693,20970.93,33717.89,61.39352
"Russia, C. Asia, SE Europe",1998,1,612.3333,1637,1970.739,2351.799,4.4873
"Russia, C. Asia, SE Europe",2003,1,411,1215,2085.539,3135.332,4.3289
"Russia, C. Asia, SE Europe",2008,1,445.6667,1357,3232.064,4516.338,4.3837
Sub-Saharan Africa,1988,1,235.6667,578,598.9019,882.0447,14.01095
Sub-Saharan Africa,1991,1,226.6667,584,615.3401,928.4812,16.1055
Sub-Saharan Africa,1998,1,250.3333,752,592.1239,1033.043,18.28111
Sub-Saharan Africa,2005,1,307.6667,963,813.0128,1208.014,20.6109
Sub-Saharan Africa,1994,1,152.3333,501,445.9904,592.6106,6.871525
Sub-Saharan Africa,2003,1,207.6667,556,592.0736,712.1069,8.743954
Sub-Saharan Africa,2007,1,251.3333,682,631.0934,976.73,9.55911
Sub-Saharan Africa,1992,1,67.33333,245,915.5083,1527.586,1.064522
Sub-Saharan Africa,1998,1,123,505,938.5665,1489.041,1.225044
Sub-Saharan Africa,2003,1,280.3333,983,931.0798,1579.88,1.417818
Sub-Saharan Africa,1993,1,204.3333,673,477.1369,1232.666,1.080767
Sub-Saharan Africa,2002,1,243.6667,581,385.2069,1026.08,1.314795
Mature economies,1988,1,3942.333,9085,10454.34,16890.2,10.03698
Mature economies,1993,1,4294.333,9774,11466.37,17177.39,10.46553
Mature economies,2000,1,3337.667,8326,13041.55,20316.73,10.83488
Mature economies,2005,1,3996.667,9707,15830.1,24348.4,11.02351
Mature economies,2008,1,4130,9658,17601.21,26113.39,11.23709
L. America & Carib.,1989,1,180,1203,2479.585,3306.024,8.525211
L. America & Carib.,1998,1,433.6667,2110,2893.782,3856.71,10.72315
L. America & Carib.,2003,1,299,1984,3063.149,4008.121,12.09858
L. America & Carib.,2006,1,481.3333,2399,3222.774,4175.756,13.69085
L. America & Carib.,1998,1,633.6667,2162,1329.717,2463.188,0.730458
Mature economies,1991,1,3625.667,11965,12696.29,24839.7,5.901
Mature economies,1998,1,3456.667,10954,14569.18,27402.18,6.5437
L. America & Carib.,1989,1,199.6667,1142,1717.333,2731.62,4.618245
L. America & Carib.,1993,1,338,1473,1729.395,2838.843,5.303798
L. America & Carib.,1998,1,268,1701,1782.485,2902.6,5.963008
L. America & Carib.,2003,1,278.6667,1805,1935.218,3027.397,6.609337
L. America & Carib.,2008,1,307.6667,2506,2317.245,3640.919,7.302742
"Russia, C. Asia, SE Europe",1998,1,3217.667,6156,6417.119,11848.26,4.501
"Russia, C. Asia, SE Europe",2004,1,4264.667,8592,7764.496,14712.48,4.44
"Russia, C. Asia, SE Europe",2008,1,4202,9201,8948.787,17300.34,4.434
L. America & Carib.,2001,1,112.3333,666,977.7759,1106.416,9.075399
Mature economies,1989,1,1525.667,2684,6499.63,13455.33,10.59649
Mature economies,1993,1,2253.333,4173,6346.772,11158.44,10.35752
Mature economies,1999,1,2230.667,4005,6563.188,13085.22,10.26657
Mature economies,2005,1,2498,5332,8790.137,16974.56,10.12955
Mature economies,2008,1,2484,4847,9010.125,17900.93,10.03819
Other Asia,1987,1,224,433,963.263,1675.168,178.0068
Other Asia,1993,1,272.3333,523,1261.127,2396.448,193.5256
Other Asia,1999,1,301.3333,571,1633.932,2533.089,207.8393
Other Asia,2005,1,419.6667,905,1873.575,3102.284,221.8392
Other Asia,2009,1,562.3333,1303,2146.427,3696.297,234.9512
India,1987,1,263,538,694.1288,1052.002,837.6996
India,1993,1,281.6667,560,780.9203,1271.67,928.226
India,1997,1,240.6667,537,894.5415,1514.754,1018.471
India,2004,1,307,642,1135.705,2051.632,1105.886
India,2007,1,359.3333,741,1398.997,2573.136,1190.864
Mature economies,1987,1,2192,5676,8159.454,15347.36,3.524949
Mature economies,1994,1,2588,6270,10292.14,20905.24,3.576261
Mature economies,1999,1,4163.333,12362,13757.16,30991.57,3.712696
Mature economies,2005,1,6398,13479,16946.91,38896.39,3.996521
Mature economies,2008,1,6676,13779,17821.88,39294.29,4.425683
M. East & N. Africa,1990,1,764.3333,2429,2458.601,6200.669,51.81074
M. East & N. Africa,1994,1,915.6667,2803,2701.579,6660.562,57.94044
M. East & N. Africa,1998,1,934.3333,3023,2851.131,7245.311,63.13303
M. East & N. Africa,2005,1,896.6667,2372,4043.637,9228.236,68.0617
Mature economies,2004,1,7471,13836,17762.91,33055.9,0.289521
Mature economies,2008,1,12866.67,24273,18621.34,36655.51,0.317414
Mature economies,1986,1,2413.333,6303,8414.497,16430.94,4.442
Mature economies,1992,1,3023,7496,9510.283,18484.96,5.261
Mature economies,1997,1,2845.667,7816,10430.11,21276.33,5.971
Mature economies,2001,1,3057.667,8858,11704.31,22621.53,6.6897
Mature economies,2008,1,2714,9114,12833.16,25646.28,7.3088
Mature economies,1986,1,3474.333,7943,11681.6,20977.62,56.62929
Mature economies,1991,1,4254.667,9414,13705.99,24093.96,56.83182
Mature economies,1998,1,4374.667,11542,15022,26374.01,56.90674
Mature economies,2004,1,4163.667,10944,15835.03,28226.88,57.60466
Mature economies,2008,1,5313.667,11983,15840.81,28453.56,59.83218
L. America & Carib.,1988,1,747.3333,2298,2870.981,5539.474,2.3564
L. America & Carib.,1993,1,604,1503,3590.289,6984.22,2.441024
L. America & Carib.,1999,1,1010,3088,3934.179,6696.975,2.55678
L. America & Carib.,2004,1,1045.667,3352,4707.688,7184.084,2.6257
M. East & N. Africa,1986,1,1098,2658,3083.631,4310.034,2.948
M. East & N. Africa,1992,1,721.6667,2090,2209.723,3378.48,3.905931
M. East & N. Africa,1997,1,776,1819,2131.778,3479.344,4.5974
M. East & N. Africa,2002,1,812.6667,2107,2514.714,3807.527,5.164
M. East & N. Africa,2008,1,1083.667,2394,3436.55,5082.932,5.787
Mature economies,1988,1,7387.333,12709,12993.79,24021.93,122.613
Mature economies,1993,1,8462,14596,14658.46,27453.95,124.536
Mature economies,1998,1,8918.667,15035,15143.38,28410.86,126.41
Mature economies,2002,1,9037,15621,15467.11,28944.65,127.718
Mature economies,2008,1,5268.333,11903,15711.36,31322.7,127.704
"Russia, C. Asia, SE Europe",1993,1,672,1540,3536.838,5431.076,16.33042
"Russia, C. Asia, SE Europe",1996,1,662,1641,2117.928,4590.866,15.0713
"Russia, C. Asia, SE Europe",2003,1,805.6667,1679,3046.452,7350.814,14.90902
Sub-Saharan Africa,1992,1,234.3333,1113,844.002,1338.895,25.84644
Sub-Saharan Africa,1997,1,405.3333,1169,888.9336,1303.462,29.69641
Sub-Saharan Africa,2007,1,162.6667,344,1008.467,1455.31,38.45542
"Russia, C. Asia, SE Europe",1993,1,375.6667,2073,1274.197,1645.809,4.5167
"Russia, C. Asia, SE Europe",1998,1,320,781,941.7217,1416.073,4.769
"Russia, C. Asia, SE Europe",2004,1,476,1103,1197.055,1743.927,5.0433
"Russia, C. Asia, SE Europe",2008,1,613,1610,1716.68,2026.926,5.3187
Other Asia,1994,1,297,678,585.6285,783.3454,10.53924
Other Asia,1997,1,227.6667,586,630.1472,859.5623,11.98613
Other Asia,2004,1,307.6667,805,926.5114,1348.086,13.02417
Other Asia,2008,1,393.6667,937,1242.541,1898.139,13.82264
Mature economies,1988,1,3058,7028,5194.2,9977.137,41.975
Mature economies,1993,1,4390,9814,7266.156,13615.12,44.056
Mature economies,1999,1,4409,9359,8707.528,17410.07,46.287
Mature economies,2003,1,4570,11132,10535.59,21070.53,47.859
Mature economies,2008,1,4827.667,12399,11746.18,25338.65,48.949
Other Asia,2002,1,291.6667,613,966.8489,1468.583,5.582028
Other Asia,2008,1,323.3333,755,1151.496,2041.053,6.022001
Sub-Saharan Africa,2007,1,126,326,511.4747,401.9072,3.65846
L. America & Carib.,1995,1,378.3333,1183,4662.966,7970.636,0.139908
Other Asia,1990,1,443.6667,916,1183.999,2029.215,16.599
Other Asia,1995,1,442.3333,996,1503.089,2475.967,17.646
Other Asia,1999,1,434,897,1733.993,2842.12,18.784
Other Asia,2002,1,457,1201,1965.65,3105.688,19.173
Other Asia,2006,1,556,1428,2268.431,3781.232,20.217
Sub-Saharan Africa,1986,1,176.6667,951,773.491,837.0825,1.5799
Sub-Saharan Africa,1993,1,123,748,706.6865,958.9713,1.729896
Sub-Saharan Africa,2002,1,173.6667,869,870.1825,1131.853,2.028976
Mature economies,1993,1,688.3333,1498,5092.127,7809.437,3.682613
Mature economies,2005,1,1323.667,3549,8273.53,14197.22,3.454205
Mature economies,2008,1,2417,5584,11043.06,17599.5,3.358115
Mature economies,1994,1,9540,18156,20261.19,48410.73,0.397475
Mature economies,1998,1,9255.333,19902,22146.55,53353.75,0.4247
Mature economies,2004,1,11012,23329,23603.14,65800.18,0.45163
Mature economies,2008,1,10744.33,21592,25024.01,73349.64,0.48865
Mature economies,1988,1,4253.333,7321,7573.604,10428.27,2.653434
Mature economies,1993,1,1250.667,2356,3162.435,5920.797,2.56329
Mature economies,1997,1,1274.667,2767,3955.445,7096.867,2.410019
Mature economies,2002,1,1529.333,3722,5318.281,9955.801,2.325342
Mature economies,2008,1,2218,5684,9571.235,15646.97,2.266094
M. East & N. Africa,1991,1,704,1857,1619.467,2819.802,26.10777
M. East & N. Africa,1998,1,586,1557,1589.092,2928.327,28.08268
M. East & N. Africa,2001,1,595.6667,1601,1583.467,3096.742,29.77032
M. East & N. Africa,2007,1,727.3333,1934,1967.226,3801.652,31.32145
"Russia, C. Asia, SE Europe",1998,1,328,917,1243.001,1674.233,3.652771
"Russia, C. Asia, SE Europe",2003,1,561.6667,1317,1659.323,2035.544,3.612869
"Russia, C. Asia, SE Europe",2008,1,916.3333,2192,2486.22,2768.273,3.570107
Sub-Saharan Africa,1993,1,134.6667,436,664.1911,916.8538,12.3435
Sub-Saharan Africa,1999,1,108,316,651.5555,889.9288,14.43074
Sub-Saharan Africa,2005,1,189,538,642.9654,868.675,16.84248
Sub-Saharan Africa,2010,1,108,336,633.5196,868.9248,19.54628
Other Asia,1998,1,263.6667,2460,908.9013,4025.875,0.263867
Other Asia,2004,1,805,2118,973.9588,5761.247,0.286665
L. America & Carib.,1989,1,1180,2728,5027.856,9697.029,81.0101
L. America & Carib.,1994,1,757.6667,3501,5671.454,10681.85,89.1097
L. America & Carib.,1998,1,529.3333,2747,6329.404,11030.45,97.00194
L. America & Carib.,2004,1,863,3499,7286.769,11959.3,103.9026
L. America & Carib.,2008,1,913.6667,3704,8114.927,12892.78,110.6272
"Russia, C. Asia, SE Europe",1998,1,1141.667,2305,3815.566,6829.693,1.992404
"Russia, C. Asia, SE Europe",2003,1,1204,3322,4225.333,7247.01,2.027819
"Russia, C. Asia, SE Europe",2008,1,1125.667,3533,6019.508,9146.609,2.052524
Sub-Saharan Africa,1994,1,77.33333,287,555.2266,655.6137,9.313042
Sub-Saharan Africa,2001,1,178,499,611.8526,825.4999,12.3801
Sub-Saharan Africa,2006,1,222.6667,590,518.9305,902.9191,14.45999
"Russia, C. Asia, SE Europe",2005,1,1561.333,3235,4198.695,8238.358,0.6275
"Russia, C. Asia, SE Europe",2008,1,2090.667,4307,7948.909,10546.4,0.629185
Other Asia,2002,1,470,1083,1193.894,2335.1,2.485177
Other Asia,2007,1,839.6667,2021,1615.768,3324.185,2.667474
Sub-Saharan Africa,1996,1,119.6667,360,389.2818,415.9574,17.29552
Sub-Saharan Africa,2002,1,140.3333,439,433.4856,577.9198,19.72101
Sub-Saharan Africa,2007,1,176.6667,558,538.2116,727.2224,22.3329
Sub-Saharan Africa,1987,1,203.3333,732,1392.179,1822.795,1.892328
Sub-Saharan Africa,1993,1,256.3333,850,915.24,1782.219,2.166948
Sub-Saharan Africa,2000,1,384.6667,1060,1092.167,1770.758,2.495316
Sub-Saharan Africa,2004,1,353.6667,965,1208.206,1816.609,2.882003
Sub-Saharan Africa,2008,1,361,1012,1053.401,2226.734,3.295254
Sub-Saharan Africa,1997,1,101.6667,354,299.3093,667.6805,10.61235
Sub-Saharan Africa,2004,1,162.6667,409,406.7,646.1216,12.14495
Sub-Saharan Africa,2010,1,201.3333,616,381.916,795.4921,14.00511
Other Asia,1987,1,812.6667,2798,1959.279,5511.516,17.20007
Other Asia,1992,1,847.3333,3037,2755.56,7472.627,19.70126
Other Asia,1997,1,1041,3938,3514.631,10252.74,22.32245
Other Asia,2004,1,925.3333,2452,3967.843,11178.21,25.06018
Other Asia,2009,1,1329,4797,5120.799,12526.28,27.50201
Sub-Saharan Africa,1993,1,156.6667,1761,1977.614,4113.73,1.558055
Sub-Saharan Africa,2003,1,313,1749,2559.435,4683.351,2.008342
Sub-Saharan Africa,1994,1,128.3333,365,439.3609,622.794,8.578542
Sub-Saharan Africa,2007,1,286.3333,633,406.541,621.6127,14.45001
Sub-Saharan Africa,1986,1,205.6667,559,573.7988,1240.218,92.7313
Sub-Saharan Africa,1992,1,124.3333,482,781.4259,1454.772,104.9316
Sub-Saharan Africa,1996,1,142.6667,472,755.2601,1447.327,117.9834
Sub-Saharan Africa,2003,1,152.3333,486,913.116,1577.12,133.0671
Sub-Saharan Africa,2009,1,128,479,1094.352,2030.464,150.6657
L. America & Carib.,1993,1,207.6667,1287,1219.757,1750.878,4.430182
L. America & Carib.,1998,1,334.6667,1566,1533.932,1981.833,4.911886
L. America & Carib.,2005,1,430.6667,1811,1824,2335.564,5.288271
L. America & Carib.,2009,1,418.6667,1695,2050.794,2424.855,5.635577
Mature economies,1987,1,4379.667,9574,12143.28,23805.72,14.76009
Mature economies,1991,1,5969.333,12898,13243.03,26705.36,15.29037
Mature economies,1998,1,6003,13123,15346.28,31393.27,15.70721
Mature economies,2005,1,8102.667,15895,16875.42,35104.49,16.2253
Mature economies,2008,1,8058.333,15590,17202.36,38105.95,16.44559
Mature economies,1995,1,7068.333,12821,13392.17,37810.65,4.311991
Mature economies,2000,1,8358.333,15524,15884.78,43974.8,4.431464
Mature economies,2004,1,8864,17418,17791.54,46741.64,4.564855
Mature economies,2008,1,10264.33,18630,20151.37,48583.24,4.768212
Other Asia,1996,1,178,518,507.9304,829.1172,23.25505
Other Asia,2003,1,236,648,628.9,918.8527,26.14353
Other Asia,2010,1,377.6667,817,713.6405,1079.353,28.90536
Mature economies,1986,1,3117,12046,10418.6,19328.11,3.35
Mature economies,1991,1,3689,15347,10330.97,18236.72,3.5722
Mature economies,1998,1,4096.667,10549,11979.4,20901.72,3.815
Other Asia,1987,1,211.3333,453,1038.44,1505.339,105.3325
Other Asia,1993,1,408.3333,757,1157.319,1723.949,121.0299
Other Asia,1998,1,360.6667,744,1276.333,1790.549,137.8082
Other Asia,2004,1,397.3333,789,1372.58,2027.659,153.1399
Other Asia,2007,1,412.3333,789,1553.311,2321.825,167.4423
L. America & Carib.,1991,1,299,2579,2798.16,6509.381,2.569672
L. America & Carib.,1997,1,502,3406,3480.417,7527.556,2.843276
L. America & Carib.,2003,1,601.6667,3492,4425.273,8240.258,3.125565
L. America & Carib.,2009,1,732.6667,3224,4664.719,11855.64,3.406487
L. America & Carib.,1994,1,437.3333,1959,3100.093,4987.648,22.98018
L. America & Carib.,1998,1,465.6667,2494,3387.917,5501.92,25.07914
L. America & Carib.,2003,1,568.3333,2697,3567.746,5831.292,26.91634
L. America & Carib.,2008,1,732.3333,3006,4610.203,7967.33,28.46334
Other Asia,1988,1,332,900,1460.717,2453.37,58.57207
Other Asia,1994,1,340.6667,1001,1578.072,2469.867,66.17387
Other Asia,1997,1,389.3333,1259,1682.142,2690.717,74.04084
Other Asia,2003,1,384,1218,1934.295,2836.794,82.29399
Other Asia,2009,1,423.6667,1244,2221.117,3364.21,90.17314
Other Asia,1996,1,274.6667,1039,881.5393,2359.963,5.104153
Mature economies,1987,1,2231.333,4096,4870.333,9440.675,37.82449
Mature economies,1992,1,985,2373,4342.563,7748.002,38.46141
Mature economies,1999,1,1626.333,3893,6354.637,11212.92,38.66348
Mature economies,2004,1,1497,4077,7498.92,13297.14,38.20457
Mature economies,2008,1,2021.667,4615,8927.538,16454.81,38.12576
Mature economies,1989,1,2469.333,5491,8602.401,15528.71,10.01961
Mature economies,1994,1,3241,7672,10211.51,16845.37,9.982591
Mature economies,1998,1,2432.333,6434,11403.72,19747.48,10.12929
Mature economies,2005,1,3249.667,8296,12812.65,21368.96,10.44108
Mature economies,2008,1,3329,8151,13458.68,22036.85,10.62241
L. America & Carib.,1990,1,1209.667,3456,2934.753,4004.968,4.023628
L. America & Carib.,1995,1,563,3412,3105.931,4269.358,4.575121
L. America & Carib.,1999,1,505.3333,3087,3024.191,4008.263,5.12405
L. America & Carib.,2003,1,552.6667,2894,2598.764,3784.269,5.675754
L. America & Carib.,2008,1,756,3213,3063.722,4353.127,6.230242
Mature economies,1994,1,601,1190,3348.386,6717.023,22.76328
Mature economies,1998,1,1045.333,2225,3995.684,6759.25,22.50734
Mature economies,2008,1,894,2558,7148.768,11781.86,21.51362
"Russia, C. Asia, SE Europe",1993,1,991,3615,3442.029,9343.791,148.52
"Russia, C. Asia, SE Europe",1999,1,837.6667,2256,3223.364,7829.368,146.899
"Russia, C. Asia, SE Europe",2003,1,1186.667,3066,4451.41,10292.1,144.5994
"Russia, C. Asia, SE Europe",2008,1,1973.667,5656,8026.771,14767.3,141.95
Sub-Saharan Africa,2000,1,130.6667,464,428.4972,660.9517,6.944116
Sub-Saharan Africa,2005,1,138,507,527.6638,840.4747,8.857859
Sub-Saharan Africa,2010,1,178.6667,602,701.6184,1040.713,10.00409
Sub-Saharan Africa,2009,1,393.3333,979,1470.626,1986.196,32.43831
Sub-Saharan Africa,1994,1,224,601,937.7445,1383.843,7.91508
Sub-Saharan Africa,2005,1,293.6667,802,1073.082,1677.001,10.29796
Mature economies,1993,1,2618.667,7885,9311.715,29482.72,3.3135
Mature economies,1998,1,3255.667,10631,9374.898,33712.47,3.9272
Mature economies,2003,1,3105,12162,12626.61,40134.38,4.1148
Mature economies,2008,1,4462.333,15891,13665.59,48159.69,4.8394
Sub-Saharan Africa,2003,1,214,614,750.1048,611.7283,4.73002
L. America & Carib.,1989,1,414.6667,2075,2262.092,3552.107,5.189565
L. America & Carib.,1995,1,574,2329,3763.371,4608.958,5.584047
L. America & Carib.,1998,1,386,2358,3931.207,4945.054,5.878097
L. America & Carib.,2003,1,489.6667,2381,4432.198,5443.758,6.008523
L. America & Carib.,2008,1,725,2574,5348.636,6150.745,6.129628
"Russia, C. Asia, SE Europe",2003,1,1578.667,3514,5273.691,7353.72,7.480591
"Russia, C. Asia, SE Europe",2008,1,1457,2854,5910.396,9772.396,7.350221
L. America & Carib.,1999,1,464.3333,2234,2139.621,5036.398,0.454124
Mature economies,1992,1,3135.667,4846,4778.72,10102.88,5.325305
Mature economies,1997,1,2211.667,4233,6198.641,12037.62,5.390516
Mature economies,2004,1,2189.333,4315,8026.907,15178.38,5.379607
Mature economies,2008,1,2656.333,4879,10203.75,20402.89,5.406626
Mature economies,1993,1,3443,6668,7781.372,14621.06,1.991746
Mature economies,1998,1,6173.667,14755,9698.387,18065.33,1.981629
Mature economies,2002,1,3631.667,7220,10889.42,21066.61,1.995733
Mature economies,2008,1,6028.667,10331,13216.4,27225.48,2.021316
Mature economies,1995,1,5699.667,10737,11832.37,24640.54,8.718561
Mature economies,2000,1,6448.667,12355,14038.13,29145.49,8.850974
Mature economies,2005,1,7609.333,14044,15417.22,32702.98,8.958229
Mature economies,2008,1,7563,13865,16080.47,34300.56,9.219637
Sub-Saharan Africa,1994,1,71.66667,413,1611.061,3946.378,0.92642
Sub-Saharan Africa,2000,1,150,566,2511.655,4448.161,1.008143
Sub-Saharan Africa,2009,1,232.3333,958,4309.678,5296.973,1.031747
Sub-Saharan Africa,1999,1,1919,5622,7488.732,18316.85,0.078846
Sub-Saharan Africa,2006,1,1166.333,5590,7163.662,19282.53,0.086956
M. East & N. Africa,2004,1,699.6667,1625,1957.193,3995.753,17.4901
Sub-Saharan Africa,2002,1,180.3333,495,849.8564,846.4162,9.153893
Sub-Saharan Africa,2006,1,292,675,634.8887,873.3167,5.776837
Other Asia,1988,1,441.3333,1279,1761.616,3250.703,55.37053
Other Asia,1994,1,634,1808,2770.184,5255.747,58.67118
Other Asia,1998,1,711,1964,2643.27,5145.914,61.66038
Other Asia,2002,1,742.3333,2053,3039.396,5778.475,65.37028
Other Asia,2008,1,944.6667,2526,3678.723,7377.964,68.26798
"Russia, C. Asia, SE Europe",1999,1,254.6667,520,613.9971,904.5659,6.027676
"Russia, C. Asia, SE Europe",2003,1,307.3333,681,867.6338,1250.332,6.336724
"Russia, C. Asia, SE Europe",2009,1,563.6667,1195,1124.178,1845.624,6.691416
"Russia, C. Asia, SE Europe",2005,1,862.3333,2479,1837.626,4761.854,4.647912
Other Asia,2007,1,327,665,791.9038,1000.622,1.077911
L. America & Carib.,1988,1,965.6667,3184,2949.767,10879.6,1.201224
L. America & Carib.,1992,1,751,2235,2706.038,10769.29,1.24359
M. East & N. Africa,1990,1,636.6667,1815,2397.9,4496.55,7.857619
M. East & N. Africa,1995,1,620,1849,2590.842,4948.259,8.6574
M. East & N. Africa,2000,1,768,2189,3072.205,6077.351,9.3333
M. East & N. Africa,2005,1,911.6667,2614,3705.738,7182.366,9.8398
"Russia, C. Asia, SE Europe",1987,1,894.6667,2593,4456.083,7604.226,52.2785
"Russia, C. Asia, SE Europe",1994,1,843.6667,2446,4839.866,8208.124,56.95999
"Russia, C. Asia, SE Europe",2000,1,1171,3312,5833.506,9827.625,61.74267
"Russia, C. Asia, SE Europe",2003,1,852.6667,2646,6030.9,9933.657,66.33943
"Russia, C. Asia, SE Europe",2008,1,1290.333,3666,7430.116,12405.5,70.92373
Sub-Saharan Africa,1993,1,335.6667,829,393.6049,807.6062,28.1523
Sub-Saharan Africa,2001,1,136.6667,319,490.1471,897.0177,36.78828
Sub-Saharan Africa,2007,1,174,441,611.7991,1157.504,42.26767
Sub-Saharan Africa,1989,1,132.6667,441,394.4634,547.3591,16.48237
Sub-Saharan Africa,1992,1,160.6667,455,403.7306,574.1288,19.56197
Sub-Saharan Africa,1999,1,187,539,534.4111,773.3151,22.78884
Sub-Saharan Africa,2005,1,221.3333,632,558.2632,911.0815,26.64163
Sub-Saharan Africa,2009,1,278.6667,820,683.178,1120.595,31.33939
"Russia, C. Asia, SE Europe",1995,1,903.6667,2459,1682.684,3898.653,52.17921
"Russia, C. Asia, SE Europe",1999,1,898.3333,1794,1572.386,3455.54,50.14394
"Russia, C. Asia, SE Europe",2003,1,1173.667,2144,2236.111,4777.993,47.81295
"Russia, C. Asia, SE Europe",2008,1,2033.333,3888,4749.181,6734.031,46.2582
L. America & Carib.,1989,1,1638.333,5041,4314.06,7329.364,3.068166
L. America & Carib.,1992,1,1489,4266,4892.546,8043.744,3.177035
L. America & Carib.,1998,1,1765.333,5965,6400.676,10074.47,3.273777
L. America & Carib.,2003,1,1154.667,4029,5109.759,8586.845,3.30354
L. America & Carib.,2008,1,1479.333,5179,7190.412,11411.86,3.334052
Mature economies,1986,1,5528.667,16411,19491.28,29269.2,244.499
Mature economies,1991,1,5523.333,16370,20871.53,31392.87,259.919
Mature economies,1997,1,6049,18471,23875.42,35880.98,275.854
Mature economies,2004,1,6531.667,20001,29081.44,41629.71,290.1079
Mature economies,2008,1,6711.667,23133,30298.2,43069.58,304.094
L. America & Carib.,1987,1,800.6667,3830,4062.661,9985.573,18.83928
L. America & Carib.,1992,1,849,2655,4296.595,10651.92,21.121
L. America & Carib.,1998,1,556.6667,2247,3745.597,10186.34,23.413
L. America & Carib.,2003,1,351.6667,1496,3312.995,7872.955,25.674
L. America & Carib.,2006,1,739.3333,2630,4853.329,10721.08,27.935
Other Asia,1998,1,265.3333,597,809.0143,1468.688,75.4563
Other Asia,2004,1,346.6667,849,1031.028,2016.417,80.4684
Other Asia,2008,1,432.6667,1024,1388.771,2610.563,85.1223
M. East & N. Africa,1998,1,468.3333,1084,905.9475,2039.753,16.71685
M. East & N. Africa,2005,1,416,1008,1094.782,2236.083,19.41971
M. East & N. Africa,2008,1,326,778,1405.096,2254.945,22.6266
Sub-Saharan Africa,1993,1,358.3333,2063,3646.235,7345.607,37.4738
Sub-Saharan Africa,2000,1,335,1838,3978.354,7640.997,41.89968
Sub-Saharan Africa,2005,1,440.3333,3131,4591.693,8596.831,46.11649
Sub-Saharan Africa,2008,1,482.6667,3081,5198.479,9604.491,48.79302
Sub-Saharan Africa,1993,1,101,505,614.4482,1214.347,8.478471
Sub-Saharan Africa,1998,1,144,666,626.2399,1023.763,9.682058
Sub-Saharan Africa,2002,1,175.6667,493,705.7579,1063.529,10.93826
Sub-Saharan Africa,2006,1,110,509,677.0244,1199.544,12.37961
Sub-Saharan Africa,1991,1,183.6667,753,759.5699,674.7386,11.24455
Sub-Saharan Africa,1996,1,162.6667,552,549.659,677.0416,12.26174
